repo,Unnamed: 0,Org
cassette,1,uber
multidimensional_urlencode,3,uber
py-find-injection,4,uber
airlock,5,uber
uncaught-exception,7,uber
eight-track,8,uber
sublime-phabricator,9,uber
cache-dir,11,uber
mutornadomon,12,uber
doubles,13,uber
py-look-for-timeouts,14,uber
Python-Sample-Application,15,uber
pymegacli,16,uber
kafka-logger,18,uber
sentry-logger,19,uber
logtron,20,uber
typed-request-client,21,uber
sevnup,22,uber
tchannel,23,uber
uber-licence,24,uber
tcap,25,uber
bufrw,26,uber
phabricator-jenkins-plugin,27,uber
uberalls,28,uber
grafana-dash-gen,29,uber
standard,30,uber
arcanist,31,uber
libphutil,32,uber
ringpop-go,33,uber
signals-ios,34,uber
ringpop-ui,35,uber
tchannel-python,36,uber
tchannel-java,37,uber
tchannel-node,38,uber
tchannel-go,39,uber
rides-java-sdk,40,uber
rides-python-sdk,41,uber
okbuck,42,uber
rides-android-sdk,43,uber
rides-ios-sdk,44,uber
react-vis,45,uber
uReplicator,46,uber
denial-by-dns,47,uber
go.uber.org,48,uber
react-vis-force,49,uber
react-digraph,50,uber
arachne,51,uber
AutoDispose,52,uber
dosa-idl,53,uber
pam-ussh,54,uber
cadence,55,uber
UBTokenBar,56,uber
percona-server,57,uber
uberscriptquery,58,uber
zanzibar,59,uber
peloton,60,uber
queryparser,62,uber
startup-reason-reporter,63,uber
storagetapper,64,uber
UberSignature,65,uber
crumb,66,uber
NEAL,67,uber
NullAway,68,uber
RIBs,69,uber
artist,70,uber
dynamodb-cross-region-library,71,uber
cadence-web,72,uber
cadence-java-client,73,uber
ios-snapshot-test-case,74,uber
h3,75,uber
marmaray,76,uber
trucking-labor-analysis,77,uber
prototool,78,uber
h3-java,79,uber
nebula.gl,80,uber
nanoscope-art,81,uber
nanoscope,82,uber
homebrew-nanoscope,83,uber
baseweb,84,uber
gonduit,85,uber
needle,86,uber
swift-concurrency,87,uber
cadvisor,88,uber
h3-js,89,uber
assume-role-cli,90,uber
h3-py,91,uber
petastorm,92,uber
geojson2h3,93,uber
xviz,94,uber
cadence-java-samples,95,uber
motif,96,uber
streetscape.gl,97,uber
cyborg,98,uber
stylist,99,uber
h3-go,100,uber
aresdb,101,uber
astro,102,uber
uber-poet,103,uber
RxCentralBle,104,uber
uber-graph-benchmark,105,uber
simple-store,106,uber
client-platform-engineering,107,uber
kraken,108,uber
piranha,109,uber
xviz-data,110,uber
mockolo,111,uber
RxCBCentral,112,uber
neuropod,113,uber
h3-py-notebooks,114,uber
manifold,115,uber
swift-abstract-class,116,uber
swift-common,117,uber
graph.gl,120,uber
causalml,121,uber
bayesmark,122,uber
hypothesis-gufunc,123,uber
react-view,126,uber
fiber,128,uber
orbit,129,uber
base-design-docs,131,uber
SwiftCodeSan,132,uber
RemoteShuffleService,134,uber
Cadence-Docs,135,uber
